id,created,updated,title,tab_title,tab_number,tab_type,tableau_url,location_id,aplus_date_range,aplus_site,aplus_area,rems_site,rems_fleet_type,rems_date_range
188,2022-08-15 17:55:00.000 +0800,2022-08-15 17:55:00.000 +0800,AP Inloading 30 Day DT,AP Inloading 30 Day DT,3,3,,38,30 Days,Anderson Point,AP Inloading,,,
191,2022-08-15 17:55:00.000 +0800,2022-08-15 17:55:00.000 +0800,AP Inloading Actions Report,AP Inloading Actions Report,6,1,https://analytics.fmgl.com.au/t/sandbox/views/InvestigationandActiontracker/ActionTracker/b93b2adf-5d10-4606-815c-a4ef34060cb0/APInloadingActionTracker?:showAppBanner=false&:display_count=n&:showVizHome=n&:origin=viz_share_link&:device=desktop,38,,,,,,
190,2022-08-15 17:55:00.000 +0800,2022-08-15 17:55:00.000 +0800,AP Inloading Idlers,AP Inloading Idlers,5,1,https://analytics.fmgl.com.au/t/sandbox/views/APILIdlers/APILIdlers?:showAppBanner=false&:origin=viz_share_link&:display_count=n&:showVizHome=n&:device=desktop,38,,,,,,
192,2022-08-15 17:55:00.000 +0800,2022-08-15 17:55:00.000 +0800,AP Inloading Investigations Report,AP Inloading Investigations Report,7,1,https://analytics.fmgl.com.au/t/sandbox/views/InvestigationandActiontracker/InvestigationTracker/cde4a23c-cd79-4cdb-a62a-beea24c538dc/APInloadingInvestigationTracker?:showAppBanner=false&:display_count=n&:showVizHome=n&:origin=viz_share_link&:device=desktop,38,,,,,,
186,2022-08-15 17:55:00.000 +0800,2022-08-15 17:55:00.000 +0800,AP Inloading Summary,AP Inloading Summary,1,1,https://analytics.fmgl.com.au/t/sandbox/views/APInloadingSummary/APInloadingSummary?:showAppBanner=false&:display_count=n&:showVizHome=n&:origin=viz_share_link&:device=desktop,38,,,,,,
189,2022-08-15 17:55:00.000 +0800,2022-08-15 17:55:00.000 +0800,AP Inloading Watchlist,AP Inloading Watchlist,4,1,https://analytics.fmgl.com.au/t/sandbox/views/APILWatchlist/APInloadingWatchlist?:showAppBanner=false&:origin=viz_share_link&:display_count=n&:showVizHome=n&:device=desktop,38,,,,,,
187,2022-08-15 17:55:00.000 +0800,2022-08-15 17:55:00.000 +0800,AP Inloading Weekly TUM,AP Inloading Weekly TUM,2,1,https://analytics.fmgl.com.au/t/sandbox/views/APInloadingWeeklyTUM/APInloadingWeeklyTUM?:showAppBanner=false&:display_count=n&:showVizHome=n&:origin=viz_share_link&:device=desktop,38,,,,,,
195,2022-08-15 17:55:00.000 +0800,2022-08-15 17:55:00.000 +0800,AP Outloading 30 Day DT,AP Outloading 30 Day DT,3,3,,39,30 Days,Anderson Point,AP Outloading,,,
198,2022-08-15 17:55:00.000 +0800,2022-08-15 17:55:00.000 +0800,AP Outloading Actions,AP Outloading Actions,6,1,https://analytics.fmgl.com.au/t/sandbox/views/InvestigationandActiontracker/ActionTracker/9c97d25b-00a0-4768-9fcb-33e05b3ba5cd/APOutloadingActionTracker?:showAppBanner=false&:display_count=n&:showVizHome=n&:origin=viz_share_link&:device=desktop,39,,,,,,
197,2022-08-15 17:55:00.000 +0800,2022-08-15 17:55:00.000 +0800,AP Outloading Idlers,AP Outloading Idlers,5,1,https://analytics.fmgl.com.au/t/sandbox/views/APOLIdlers/APOLIdlers?:showAppBanner=false&:origin=viz_share_link&:display_count=n&:showVizHome=n&:device=desktop,39,,,,,,
199,2022-08-15 17:55:00.000 +0800,2022-08-15 17:55:00.000 +0800,AP Outloading Investigations,AP Outloading Investigations,7,1,https://analytics.fmgl.com.au/t/sandbox/views/InvestigationandActiontracker/InvestigationTracker/567c72a2-9740-43e0-8ebe-9533cc9f235e/APOutloadingInvestigationTracker?:showAppBanner=false&:display_count=n&:showVizHome=n&:origin=viz_share_link&:device=desktop,39,,,,,,
193,2022-08-15 17:55:00.000 +0800,2022-08-15 17:55:00.000 +0800,AP Outloading Summary,AP Outloading Summary,1,1,https://analytics.fmgl.com.au/t/sandbox/views/APOutloadingSummary/APOutloadingSummary?:showAppBanner=false&:display_count=n&:showVizHome=n&:origin=viz_share_link&:device=desktop,39,,,,,,
196,2022-08-15 17:55:00.000 +0800,2022-08-15 17:55:00.000 +0800,AP Outloading Watchlist,AP Outloading Watchlist,4,1,https://analytics.fmgl.com.au/t/sandbox/views/APOLWatchlist/APOutloadingWatchlist?:showAppBanner=false&:origin=viz_share_link&:display_count=n&:showVizHome=n&:device=desktop,39,,,,,,
194,2022-08-15 17:55:00.000 +0800,2022-08-15 17:55:00.000 +0800,AP Outloading Weekly TUM,AP Outloading Weekly TUM,2,1,https://analytics.fmgl.com.au/t/sandbox/views/APOutloadingWeeklyTUM/APOutloadingWeeklyTUM?:showAppBanner=false&:display_count=n&:showVizHome=n&:origin=viz_share_link&:device=desktop,39,,,,,,
234,2022-08-15 17:55:00.000 +0800,2022-08-15 17:55:00.000 +0800,CB Ancilliary Actions Report,CB Ancilliary Actions Report,4,1,https://analytics.fmgl.com.au/t/sandbox/views/InvestigationandActiontracker/ActionTracker/4139d69e-eb6b-4e80-8af2-74a3c1ad7539/CBHMEAncilActionTracker?:showAppBanner=false&:display_count=n&:showVizHome=n&:origin=viz_share_link&:device=desktop,48,,,,,,
235,2022-08-15 17:55:00.000 +0800,2022-08-15 17:55:00.000 +0800,CB Ancilliary Investigations Report,CB Ancilliary Investigations Report,5,1,https://analytics.fmgl.com.au/t/sandbox/views/InvestigationandActiontracker/InvestigationTracker/51da9875-895c-426b-8022-9d13cc3c8ecb/CBHMEAncilInvestigationTracker?:showAppBanner=false&:display_count=n&:showVizHome=n&:origin=viz_share_link&:device=desktop,48,,,,,,
229,2022-08-15 17:55:00.000 +0800,2022-08-15 17:55:00.000 +0800,CB Diggers and Drills Actions Report,CB Diggers and Drills Actions Report,3,1,https://analytics.fmgl.com.au/t/sandbox/views/InvestigationandActiontracker/ActionTracker/0271f0a6-3a36-498c-8246-ba9479e7b8d2/CBHMEDDActionTracker?:showAppBanner=false&:display_count=n&:showVizHome=n&:origin=viz_share_link&:device=desktop,47,,,,,,
230,2022-08-15 17:55:00.000 +0800,2022-08-15 17:55:00.000 +0800,CB Diggers and Drills Investigations Report,CB Diggers and Drills Investigations Report,4,1,https://analytics.fmgl.com.au/t/sandbox/views/InvestigationandActiontracker/InvestigationTracker/ce2dd376-0b4f-43e8-931b-577cba9891c8/CBHMEDDInvestigationTracker?:showAppBanner=false&:display_count=n&:showVizHome=n&:origin=viz_share_link&:device=desktop,47,,,,,,
227,2022-08-15 17:55:00.000 +0800,2022-08-15 17:55:00.000 +0800,CB Diggers FLOC DT Pareto,CB Diggers FLOC DT Pareto,1,2,,47,,,,Cloudbreak,Excavator,30 Days
233,2022-08-15 17:55:00.000 +0800,2022-08-15 17:55:00.000 +0800,CB Dozers FLOC DT Pareto,CB Dozers FLOC DT Pareto,3,2,,48,,,,Cloudbreak,Dozer,30 Days
228,2022-08-15 17:55:00.000 +0800,2022-08-15 17:55:00.000 +0800,CB Drills FLOC DT Pareto,CB Drills FLOC DT Pareto,2,2,,47,,,,Cloudbreak,Drills,30 Days
147,2022-08-15 17:55:00.000 +0800,2022-08-15 17:55:00.000 +0800,CB FP Actions Report,CB FP Actions Report,10,1,https://analytics.fmgl.com.au/t/sandbox/views/InvestigationandActiontracker/ActionTracker/03ee7049-074b-4469-862c-3f0c231497e8/CBFPActionTracker?:showAppBanner=false&:display_count=n&:showVizHome=n&:origin=viz_share_link&:device=desktop,34,,,,,,
148,2022-08-15 17:55:00.000 +0800,2022-08-15 17:55:00.000 +0800,CB FP Investigations Report,CB FP Investigations Report,11,1,https://analytics.fmgl.com.au/t/sandbox/views/InvestigationandActiontracker/InvestigationTracker/c08aa268-fd51-4e6f-9fdc-9dd37c2e76db/CBFPInvestigationTracker?:showAppBanner=false&:display_count=n&:showVizHome=n&:origin=viz_share_link&:device=desktop,34,,,,,,
231,2022-08-15 17:55:00.000 +0800,2022-08-15 17:55:00.000 +0800,CB Graders FLOC DT Pareto,CB Graders FLOC DT Pareto,1,2,,48,,,,Cloudbreak,Grader,30 Days
224,2022-08-15 17:55:00.000 +0800,2022-08-15 17:55:00.000 +0800,CB Haul Truck FLOC DT Pareto,CB Haul Truck FLOC DT Pareto,1,2,,46,,,,Cloudbreak,Haul Truck,30 Days
225,2022-08-15 17:55:00.000 +0800,2022-08-15 17:55:00.000 +0800,CB HME Trucks Actions Report,CB HME Trucks Actions Report,2,1,https://analytics.fmgl.com.au/t/sandbox/views/InvestigationandActiontracker/ActionTracker/b1dda992-6668-4fd6-8f18-f35eb88c5e91/CBHMETrucksActionTracker?:showAppBanner=false&:display_count=n&:showVizHome=n&:origin=viz_share_link&:device=desktop,46,,,,,,
226,2022-08-15 17:55:00.000 +0800,2022-08-15 17:55:00.000 +0800,CB HME Trucks Investigations Report,CB HME Trucks Investigations Report,3,1,https://analytics.fmgl.com.au/t/sandbox/views/InvestigationandActiontracker/InvestigationTracker/338af9ec-f120-4a78-a75a-820cc2963577/CBHMETrucksInvestigationTracker?:showAppBanner=false&:display_count=n&:showVizHome=n&:origin=viz_share_link&:device=desktop,46,,,,,,
232,2022-08-15 17:55:00.000 +0800,2022-08-15 17:55:00.000 +0800,CB Loaders FLOC DT Pareto,CB Loaders FLOC DT Pareto,2,2,,48,,,,Cloudbreak,Wheel Loader,30 Days
140,2022-08-15 17:55:00.000 +0800,2022-08-15 17:55:00.000 +0800,CB OPF 30 Day DT,CB OPF 30 Day DT,3,3,,34,30 Days,Cloudbreak,CB OPF,,,
145,2022-08-15 17:55:00.000 +0800,2022-08-15 17:55:00.000 +0800,CB OPF Idlers,CB OPF Idlers,8,1,https://analytics.fmgl.com.au/t/sandbox/views/CBOPFIdlers/CBOPFIdlers?:showAppBanner=false&:origin=viz_share_link&:display_count=n&:showVizHome=n&:device=desktop,34,,,,,,
138,2022-08-15 17:55:00.000 +0800,2022-08-15 17:55:00.000 +0800,CB OPF Summary ,CB OPF Summary ,1,1,https://analytics.fmgl.com.au/t/sandbox/views/CBOPFSummary/CBOPFSummary?:showAppBanner=false&:display_count=n&:showVizHome=n&:origin=viz_share_link&:device=desktop,34,,,,,,
139,2022-08-15 17:55:00.000 +0800,2022-08-15 17:55:00.000 +0800,CB OPF Weekly TUM,CB OPF Weekly TUM,2,1,https://analytics.fmgl.com.au/t/sandbox/views/CBOPFWeeklyTUM/CBOPFWeeklyTUM?:showAppBanner=false&:display_count=n&:showVizHome=n&:origin=viz_share_link&:device=desktop,34,,,,,,
143,2022-08-15 17:55:00.000 +0800,2022-08-15 17:55:00.000 +0800,CB TLO 30 Day DT,CB TLO 30 Day DT,6,3,,34,30 Days,Cloudbreak,CB Stockyard,,,
146,2022-08-15 17:55:00.000 +0800,2022-08-15 17:55:00.000 +0800,CB TLO Idlers,CB TLO Idlers,9,1,https://analytics.fmgl.com.au/t/sandbox/views/CBTLOIdlers/CBTLOIdlers?:showAppBanner=false&:origin=viz_share_link&:display_count=n&:showVizHome=n&:device=desktop,34,,,,,,
141,2022-08-15 17:55:00.000 +0800,2022-08-15 17:55:00.000 +0800,CB TLO Summary,CB TLO Summary,4,1,https://analytics.fmgl.com.au/t/sandbox/views/CBTLOSummary/CBTLOSummary?:showAppBanner=false&:display_count=n&:showVizHome=n&:origin=viz_share_link&:device=desktop,34,,,,,,
142,2022-08-15 17:55:00.000 +0800,2022-08-15 17:55:00.000 +0800,CB TLO Weekly TUM,CB TLO Weekly TUM,5,1,https://analytics.fmgl.com.au/t/sandbox/views/CBTLOWeeklyTUM/CBTLOWeeklyTUM?:showAppBanner=false&:display_count=n&:showVizHome=n&:origin=viz_share_link&:device=desktop,34,,,,,,
144,2022-08-15 17:55:00.000 +0800,2022-08-15 17:55:00.000 +0800,CB Watchlist,CB Watchlist,7,1,https://analytics.fmgl.com.au/t/sandbox/views/CBOPFWatchlist/CBOPFWatchlist?:showAppBanner=false&:display_count=n&:showVizHome=n&:origin=viz_share_link&:device=desktop,34,,,,,,
203,2022-08-15 17:55:00.000 +0800,2022-08-15 17:55:00.000 +0800,CC Diggers FLOC DT Pareto,CC Diggers FLOC DT Pareto,1,2,,41,,,,Christmas Creek,Excavator,30 Days
209,2022-08-15 17:55:00.000 +0800,2022-08-15 17:55:00.000 +0800,CC Dozers FLOC DT Pareto,CC Dozers FLOC DT Pareto,3,2,,42,,,,Christmas Creek,Dozer,30 Days
204,2022-08-15 17:55:00.000 +0800,2022-08-15 17:55:00.000 +0800,CC Drills FLOC DT Pareto,CC Drills FLOC DT Pareto,2,2,,41,,,,Christmas Creek,Drills,30 Days
238,2022-09-19 11:55:00.000 +0800,2022-09-19 11:55:00.000 +0800,CC FP Actions Report,CC FP Actions Report,15,1,https://analytics.fmgl.com.au/t/sandbox/views/InvestigationandActiontracker/ActionTracker/2f047818-44b1-4e92-8ac0-6c1a713b0125/CCFPActionTracker?:showAppBanner=false&:display_count=n&:showVizHome=n&:origin=viz_share_link&:device=desktop,35,,,,,,
237,2022-09-19 11:55:00.000 +0800,2022-09-19 11:55:00.000 +0800,CC FP Idlers,CC FP Idlers,14,1,https://analytics.fmgl.com.au/t/sandbox/views/CCFPIdlers/CCFPIdlers?:showAppBanner=false&:origin=viz_share_link&:display_count=n&:showVizHome=n&:device=desktop,35,,,,,,
239,2022-09-19 11:55:00.000 +0800,2022-09-19 11:55:00.000 +0800,CC FP Investigations Report,CC FP Investigations Report,16,1,https://analytics.fmgl.com.au/t/sandbox/views/InvestigationandActiontracker/InvestigationTracker/bc517e5d-499e-4223-ab4c-5b17d5b810c5/CCFPInvestigationTracker?:showAppBanner=false&:display_count=n&:showVizHome=n&:origin=viz_share_link&:device=desktop,35,,,,,,
236,2022-09-19 11:55:00.000 +0800,2022-09-19 11:55:00.000 +0800,CC FP Watchlist,CC FP Watchlist,13,1,https://analytics.fmgl.com.au/t/sandbox/views/CCFPWatchlist/CCFPWatchlist?:showAppBanner=false&:origin=viz_share_link&:display_count=n&:showVizHome=n&:device=desktop,35,,,,,,
207,2022-08-15 17:55:00.000 +0800,2022-08-15 17:55:00.000 +0800,CC Graders FLOC DT Pareto,CC Graders FLOC DT Pareto,1,2,,42,,,,Christmas Creek,Grader,30 Days
200,2022-08-15 17:55:00.000 +0800,2022-08-15 17:55:00.000 +0800,CC Haul Truck FLOC DT Pareto,CC Haul Truck FLOC DT Pareto,1,2,,40,,,,Christmas Creek,Haul Truck,30 Days
210,2022-08-15 17:55:00.000 +0800,2022-08-15 17:55:00.000 +0800,CC HME Ancilliary Actions Report,CC HME Ancilliary Actions Report,4,1,https://analytics.fmgl.com.au/t/sandbox/views/InvestigationandActiontracker/ActionTracker/76932813-caa3-42bb-99cc-e6508432a772/CCHMEAncilActionTracker?:showAppBanner=false&:display_count=n&:showVizHome=n&:origin=viz_share_link&:device=desktop,42,,,,,,
211,2022-08-15 17:55:00.000 +0800,2022-08-15 17:55:00.000 +0800,CC HME Ancilliary Investigations Report,CC HME Ancilliary Investigations Report,5,1,https://analytics.fmgl.com.au/t/sandbox/views/InvestigationandActiontracker/InvestigationTracker/52455375-c9ed-4737-810d-406f21f138e5/CCHMEAncilInvestigationTracker?:showAppBanner=false&:display_count=n&:showVizHome=n&:origin=viz_share_link&:device=desktop,42,,,,,,
205,2022-08-15 17:55:00.000 +0800,2022-08-15 17:55:00.000 +0800,CC HME Diggers and Drills Actions Report,CC HME Diggers and Drills Actions Report,3,1,https://analytics.fmgl.com.au/t/sandbox/views/InvestigationandActiontracker/ActionTracker/051875b2-93d9-41fb-b397-8a31f580f09c/CCHMEDDActionTracker?:showAppBanner=false&:display_count=n&:showVizHome=n&:origin=viz_share_link&:device=desktop,41,,,,,,
206,2022-08-15 17:55:00.000 +0800,2022-08-15 17:55:00.000 +0800,CC HME Diggers and Drills Investigations Report,CC HME Diggers and Drills Investigations Report,4,1,https://analytics.fmgl.com.au/t/sandbox/views/InvestigationandActiontracker/InvestigationTracker/3e5155bb-3bd9-425f-900b-2b24911d965c/CCHMEDDInvestigationTracker?:showAppBanner=false&:display_count=n&:showVizHome=n&:origin=viz_share_link&:device=desktop,41,,,,,,
201,2022-08-15 17:55:00.000 +0800,2022-08-15 17:55:00.000 +0800,CC HME Trucks Actions Report,CC HME Trucks Actions Report,2,1,https://analytics.fmgl.com.au/t/sandbox/views/InvestigationandActiontracker/ActionTracker/7e38a34a-585e-4abc-becf-56dc0394d74e/CCHMETrucksActionTracker?:showAppBanner=false&:display_count=n&:showVizHome=n&:origin=viz_share_link&:device=desktop,40,,,,,,
202,2022-08-15 17:55:00.000 +0800,2022-08-15 17:55:00.000 +0800,CC HME Trucks Investigations Report,CC HME Trucks Investigations Report,3,1,https://analytics.fmgl.com.au/t/sandbox/views/InvestigationandActiontracker/InvestigationTracker/3338d62e-8069-4505-b681-b46ae5891d5c/CCHMETrucksInvestigationTracker?:showAppBanner=false&:display_count=n&:showVizHome=n&:origin=viz_share_link&:device=desktop,40,,,,,,
208,2022-08-15 17:55:00.000 +0800,2022-08-15 17:55:00.000 +0800,CC Loaders FLOC DT Pareto,CC Loaders FLOC DT Pareto,2,2,,42,,,,Christmas Creek,Wheel Loader,30 Days
151,2022-08-15 17:55:00.000 +0800,2022-08-15 17:55:00.000 +0800,CC OPF1 30 Day DT,CC OPF1 30 Day DT,3,3,,35,30 Days,Christmas Creek,CC OPF1,,,
149,2022-08-15 17:55:00.000 +0800,2022-08-15 17:55:00.000 +0800,CC OPF1 Summary,CC OPF1 Summary,1,1,https://analytics.fmgl.com.au/t/sandbox/views/CCOPF1Summary/CCOPF1Summary?:showAppBanner=false&:display_count=n&:showVizHome=n&:origin=viz_share_link&:device=desktop,35,,,,,,
150,2022-08-15 17:55:00.000 +0800,2022-08-15 17:55:00.000 +0800,CC OPF1 Weekly TUM,CC OPF1 Weekly TUM,2,1,https://analytics.fmgl.com.au/t/sandbox/views/CCOPF1WeeklyTUM/CBTLOWeeklyTUM?:showAppBanner=false&:display_count=n&:showVizHome=n&:origin=viz_share_link&:device=desktop,35,,,,,,
163,2022-08-15 17:55:00.000 +0800,2022-08-15 17:55:00.000 +0800,CC OPF2 30 Day DT,CC OPF2 30 Day DT,6,3,,35,30 Days,Christmas Creek,CC OPF2,,,
161,2022-08-15 17:55:00.000 +0800,2022-08-15 17:55:00.000 +0800,CC OPF2 Summary,CC OPF2 Summary,4,1,https://analytics.fmgl.com.au/t/sandbox/views/CCOPF2Summary/CCOPF2Summary?:showAppBanner=false&:display_count=n&:showVizHome=n&:origin=viz_share_link&:device=desktop,35,,,,,,
162,2022-08-15 17:55:00.000 +0800,2022-08-15 17:55:00.000 +0800,CC OPF2 Weekly TUM,CC OPF2 Weekly TUM,5,1,https://analytics.fmgl.com.au/t/sandbox/views/CCOPF2WeeklyTUM/CCOPF2WeeklyTUM?:showAppBanner=false&:display_count=n&:showVizHome=n&:origin=viz_share_link&:device=desktop,35,,,,,,
154,2022-08-15 17:55:00.000 +0800,2022-08-15 17:55:00.000 +0800,CC TLO 30 Day DT,CC TLO 30 Day DT,12,3,,35,30 Days,Christmas Creek,CC Stockyard,,,
152,2022-08-15 17:55:00.000 +0800,2022-08-15 17:55:00.000 +0800,CC TLO Summary,CC TLO Summary,10,1,https://analytics.fmgl.com.au/t/sandbox/views/CCTLOSummary/CCTLOSummary?:showAppBanner=false&:display_count=n&:showVizHome=n&:origin=viz_share_link&:device=desktop,35,,,,,,
153,2022-08-15 17:55:00.000 +0800,2022-08-15 17:55:00.000 +0800,CC TLO Weekly TUM,CC TLO Weekly TUM,11,1,https://analytics.fmgl.com.au/t/sandbox/views/CCTLOWeeklyTUM/CCTLOWeeklyTUM?:showAppBanner=false&:display_count=n&:showVizHome=n&:origin=viz_share_link&:device=desktop,35,,,,,,
245,2022-08-15 17:55:00.000 +0800,2022-08-15 17:55:00.000 +0800,CC WHIMS Summary,CC WHIMS Summary,7,1,https://analytics.fmgl.com.au/t/sandbox/views/CCWHIMSSummary/CCWHIMSSummary?:showAppBanner=false&:display_count=n&:showVizHome=n&:origin=viz_share_link&:device=desktop,35,,,,,,
246,2022-08-15 17:55:00.000 +0800,2022-08-15 17:55:00.000 +0800,CC WHIMS TUM,CC WHIMS TUM,8,1,https://analytics.fmgl.com.au/t/sandbox/views/CCWHIMSWeeklyTUM/CCWHIMSWeeklyTUM?:showAppBanner=false&:display_count=n&:showVizHome=n&:origin=viz_share_link&:device=desktop,35,,,,,,
247,2022-08-15 17:55:00.000 +0800,2022-08-15 17:55:00.000 +0800,CC WHIMS 30 Day DT,CC WHIMS 30 Day DT,9,3,,35,30 Days,Christmas Creek,CC OPF2,,,
110,2022-08-15 17:55:00.000 +0800,2022-08-15 17:55:00.000 +0800,Dewatering Monthly DE Report,Dewatering Monthly DE Report,1,1,https://analytics.fmgl.com.au/t/published/views/DewateringMonthlyDE/DewateringMonthlyDE?:showAppBanner=false&:display_count=n&:showVizHome=n&:origin=viz_share_link&:device=desktop,23,,,,,,
184,2022-08-15 17:55:00.000 +0800,2022-08-15 17:55:00.000 +0800,EW FP Actions Report,EW FP Actions Report,13,1,https://analytics.fmgl.com.au/t/sandbox/views/InvestigationandActiontracker/ActionTracker/308cc819-355a-4aa8-ae89-2f81eb85ab99/EWFPActionTracker?:showAppBanner=false&:display_count=n&:showVizHome=n&:origin=viz_share_link&:device=desktop,37,,,,,,
185,2022-08-15 17:55:00.000 +0800,2022-08-15 17:55:00.000 +0800,EW FP Investigations Report,EW FP Investigations Report,14,1,https://analytics.fmgl.com.au/t/sandbox/views/InvestigationandActiontracker/InvestigationTracker/46f3364f-b751-42e7-b50e-15ad636371b9/EWFPInvestigationTracker?:showAppBanner=false&:display_count=n&:showVizHome=n&:origin=viz_share_link&:device=desktop,37,,,,,,
175,2022-08-15 17:55:00.000 +0800,2022-08-15 17:55:00.000 +0800,EW OPF1 30 Day DT,EW OPF1 30 Day DT,6,3,,37,30 Days,Eliwana,EW OPF1,,,
179,2022-08-15 17:55:00.000 +0800,2022-08-15 17:55:00.000 +0800,EW OPF1 Forcelist,EW OPF1 Forcelist,12,1,https://analytics.fmgl.com.au/t/sandbox/views/EliwanaWeeklyReliabilityDashboard_16558013224160/Forcelist?:showAppBanner=false&:origin=viz_share_link&:display_count=n&:showVizHome=n&:device=desktop,37,,,,,,
182,2022-08-15 17:55:00.000 +0800,2022-08-15 17:55:00.000 +0800,EW OPF1 Idlers,EW OPF1 Idlers,8,1,https://analytics.fmgl.com.au/t/sandbox/views/EWOPFIdlers/EWOPFIdlers?:showAppBanner=false&:origin=viz_share_link&:display_count=n&:showVizHome=n&:device=desktop,37,,,,,,
173,2022-08-15 17:55:00.000 +0800,2022-08-15 17:55:00.000 +0800,EW OPF1 Summary,EW OPF1 Summary,1,1,https://analytics.fmgl.com.au/t/sandbox/views/EWOPF1Summary/EWOPF1Summary?:showAppBanner=false&:display_count=n&:showVizHome=n&:origin=viz_share_link&:device=desktop,37,,,,,,
180,2022-08-15 17:55:00.000 +0800,2022-08-15 17:55:00.000 +0800,EW OPF1 Watchlist,EW OPF1 Watchlist,10,1,https://analytics.fmgl.com.au/t/sandbox/views/EWOPF1Watchlist/EWOPF1Watchlist?:showAppBanner=false&:origin=viz_share_link&:display_count=n&:showVizHome=n&:device=desktop,37,,,,,,
174,2022-08-15 17:55:00.000 +0800,2022-08-15 17:55:00.000 +0800,EW OPF1 Weekly TUM,EW OPF1 Weekly TUM,4,1,https://analytics.fmgl.com.au/t/sandbox/views/EWOPF1WeeklyTUM/EWOPF1WeeklyTUM?:showAppBanner=false&:display_count=n&:showVizHome=n&:origin=viz_share_link&:device=desktop,37,,,,,,
178,2022-08-15 17:55:00.000 +0800,2022-08-15 17:55:00.000 +0800,EW Stockyard & TLO 30 Day DT,EW Stockyard & TLO 30 Day DT,7,3,,37,30 Days,Eliwana,EW Stockyard,,,
183,2022-08-15 17:55:00.000 +0800,2022-08-15 17:55:00.000 +0800,EW Stockyard & TLO Idlers,EW Stockyard & TLO Idlers,9,1,https://analytics.fmgl.com.au/t/sandbox/views/EWSYIdlers/EWSYIdlers?:showAppBanner=false&:origin=viz_share_link&:display_count=n&:showVizHome=n&:device=desktop,37,,,,,,
181,2022-08-15 17:55:00.000 +0800,2022-08-15 17:55:00.000 +0800,EW Stockyard & TLO Watchlist,EW Stockyard & TLO Watchlist,11,1,https://analytics.fmgl.com.au/t/sandbox/views/EWSYWatchlist/EWSYWatchlist?:showAppBanner=false&:origin=viz_share_link&:display_count=n&:showVizHome=n&:device=desktop,37,,,,,,
177,2022-08-15 17:55:00.000 +0800,2022-08-15 17:55:00.000 +0800,EW Stockyard & TLO Weekly TUM,EW Stockyard & TLO Weekly TUM,5,1,https://analytics.fmgl.com.au/t/sandbox/views/EWTLOWeeklyTUM/EWTLOWeeklyTUM?:showAppBanner=false&:display_count=n&:showVizHome=n&:origin=viz_share_link&:device=desktop,37,,,,,,
240,2022-08-15 17:55:00.000 +0800,2022-08-15 17:55:00.000 +0800,EW Stockyard Summary,EW Stockyard Summary,2,1,https://analytics.fmgl.com.au/t/sandbox/views/EWTLOSummary/EWTLOSummary_1?:showAppBanner=false&:display_count=n&:showVizHome=n&:origin=viz_share_link&:device=desktop,37,,,,,,
176,2022-08-15 17:55:00.000 +0800,2022-08-15 17:55:00.000 +0800,EW TLO Summary,EW TLO Summary,3,1,https://analytics.fmgl.com.au/t/sandbox/views/EliwanaTrainLoadSummary/TrainLoadOutSummary_1?:showAppBanner=false&:origin=viz_share_link&:display_count=n&:showVizHome=n&:device=desktop,37,,,,,,
113,2022-08-15 17:55:00.000 +0800,2022-08-15 17:55:00.000 +0800,FT CH 30 Day DT,FT CH 30 Day DT,3,3,,32,30 Days,Solomon,FT Infeed and PC,,,
111,2022-08-15 17:55:00.000 +0800,2022-08-15 17:55:00.000 +0800,FT CH Summary ,FT CH Summary ,1,1,https://analytics.fmgl.com.au/t/sandbox/views/FTCHSummary/FTCHSummary?:showAppBanner=false&:display_count=n&:showVizHome=n&:origin=viz_share_link&:device=desktop,32,,,,,,
112,2022-08-15 17:55:00.000 +0800,2022-08-15 17:55:00.000 +0800,FT CH Weekly TUM,FT CH Weekly TUM,2,1,https://analytics.fmgl.com.au/t/sandbox/views/FTCHWeeklyTUM/FTCHWeeklyTUM?:showAppBanner=false&:display_count=n&:showVizHome=n&:origin=viz_share_link&:device=desktop,32,,,,,,
120,2022-08-15 17:55:00.000 +0800,2022-08-15 17:55:00.000 +0800,FT Forcelist,FT Forcelist,10,1,https://analytics.fmgl.com.au/t/sandbox/views/FTWeeklyReliabilityDashboard-updated_16554431374370/Forcelist?:showAppBanner=false&:display_count=n&:showVizHome=n&:origin=viz_share_link&:device=desktop,32,,,,,,
123,2022-08-15 17:55:00.000 +0800,2022-08-15 17:55:00.000 +0800,FT Idlers,FT Idlers,13,1,https://analytics.fmgl.com.au/t/sandbox/views/FTWeeklyReliabilityDashboard-updated_16554431374370/FiretailIdlers/79698623-fedf-457a-a6bf-17a6a0f30938/b63a4362-ef44-4352-99c0-70429d711fa4?:display_count=n&:showVizHome=n&:origin=viz_share_link&:device=desktop,32,,,,,,
116,2022-08-15 17:55:00.000 +0800,2022-08-15 17:55:00.000 +0800,FT OPF 30 Day DT,FT OPF 30 Day DT,6,3,,32,30 Days,Solomon,FT OPF,,,
114,2022-08-15 17:55:00.000 +0800,2022-08-15 17:55:00.000 +0800,FT OPF Summary ,FT OPF Summary ,4,1,https://analytics.fmgl.com.au/t/sandbox/views/FTOPFSummary/FTOPFSummary?:showAppBanner=false&:display_count=n&:showVizHome=n&:origin=viz_share_link&:device=desktop,32,,,,,,
115,2022-08-15 17:55:00.000 +0800,2022-08-15 17:55:00.000 +0800,FT OPF Weekly TUM,FT OPF Weekly TUM,5,1,https://analytics.fmgl.com.au/t/sandbox/views/FTOPFWeeklyTUM/FTOPFWeeklyTUM?:showAppBanner=false&:display_count=n&:showVizHome=n&:origin=viz_share_link&:device=desktop,32,,,,,,
121,2022-08-15 17:55:00.000 +0800,2022-08-15 17:55:00.000 +0800,FT Watchlist ,FT Watchlist ,11,1,https://analytics.fmgl.com.au/t/sandbox/views/FTWeeklyReliabilityDashboard-updated_16554431374370/FiretailWatchlist?:showAppBanner=false&:display_count=n&:showVizHome=n&:origin=viz_share_link&:device=desktop,32,,,,,,
129,2022-08-15 17:55:00.000 +0800,2022-08-15 17:55:00.000 +0800,KV CH 30 Day DT,KV CH 30 Day DT,4,3,,33,30 Days,Solomon,KV Infeed and PC,,,
127,2022-08-15 17:55:00.000 +0800,2022-08-15 17:55:00.000 +0800,KV CH Summary ,KV CH Summary ,1,1,https://analytics.fmgl.com.au/t/sandbox/views/KVCHSummary/KVCHSummary?:showAppBanner=false&:display_count=n&:showVizHome=n&:origin=viz_share_link&:device=desktop,33,,,,,,
128,2022-08-15 17:55:00.000 +0800,2022-08-15 17:55:00.000 +0800,KV CH Weekly TUM,KV CH Weekly TUM,2,1,https://analytics.fmgl.com.au/t/sandbox/views/KVCHWeeklyTUM/KVCHWeeklyTUM?:showAppBanner=false&:display_count=n&:showVizHome=n&:origin=viz_share_link&:device=desktop,33,,,,,,
133,2022-08-15 17:55:00.000 +0800,2022-08-15 17:55:00.000 +0800,KV Forcelist,KV Forcelist,8,1,https://analytics.fmgl.com.au/t/sandbox/views/KVWeeklyReliabilityDashboard_16558592428330/Forcelist?:showAppBanner=false&:origin=viz_share_link&:display_count=n&:showVizHome=n&:device=desktop,33,,,,,,
135,2022-08-15 17:55:00.000 +0800,2022-08-15 17:55:00.000 +0800,KV Idlers,KV Idlers,10,1,https://analytics.fmgl.com.au/t/sandbox/views/SMKVIdlers/SMFTIdlers?:showAppBanner=false&:origin=viz_share_link&:display_count=n&:showVizHome=n&:device=desktop,33,,,,,,
132,2022-08-15 17:55:00.000 +0800,2022-08-15 17:55:00.000 +0800,KV OPF 30 Day DT,KV OPF 30 Day DT,7,3,,33,30 Days,Solomon,KV OPF,,,
130,2022-08-15 17:55:00.000 +0800,2022-08-15 17:55:00.000 +0800,KV OPF Summary,KV OPF Summary,5,1,https://analytics.fmgl.com.au/t/sandbox/views/KVOPFSummary/KVOPFSummary?:showAppBanner=false&:display_count=n&:showVizHome=n&:origin=viz_share_link&:device=desktop,33,,,,,,
131,2022-08-15 17:55:00.000 +0800,2022-08-15 17:55:00.000 +0800,KV OPF Weekly TUM,KV OPF Weekly TUM,6,1,https://analytics.fmgl.com.au/t/sandbox/views/KVOPFWeeklyTUM/KVOPFWeeklyTUM?:showAppBanner=false&:display_count=n&:showVizHome=n&:origin=viz_share_link&:device=desktop,33,,,,,,
134,2022-08-15 17:55:00.000 +0800,2022-08-15 17:55:00.000 +0800,KV Watchlist,KV Watchlist,9,1,https://analytics.fmgl.com.au/t/sandbox/views/KVWatchlist/FiretailWatchlist?:showAppBanner=false&:origin=viz_share_link&:display_count=n&:showVizHome=n&:device=desktop,33,,,,,,
241,2022-08-15 17:55:00.000 +0800,2022-08-15 17:55:00.000 +0800,QV CH Sumary,QV CH Sumary,3,1,https://analytics.fmgl.com.au/t/sandbox/views/QVCHSummary_KVWeeklyReliabilityMeeting/QVCHSummary?:showAppBanner=false&:origin=viz_share_link&:display_count=n&:showVizHome=n&:device=desktop,33,,,,,,
215,2022-08-15 17:55:00.000 +0800,2022-08-15 17:55:00.000 +0800,SM Diggers FLOC DT Pareto,SM Diggers FLOC DT Pareto,1,2,,44,,,,Solomon,Excavator,30 Days
221,2022-08-15 17:55:00.000 +0800,2022-08-15 17:55:00.000 +0800,SM Dozers FLOC DT Pareto,SM Dozers FLOC DT Pareto,3,2,,45,,,,Solomon,Dozer,30 Days
216,2022-08-15 17:55:00.000 +0800,2022-08-15 17:55:00.000 +0800,SM Drills FLOC DT Pareto,SM Drills FLOC DT Pareto,2,2,,44,,,,Solomon,Drills,30 Days
125,2022-08-15 17:55:00.000 +0800,2022-08-15 17:55:00.000 +0800,SM FT Actions Report,SM FT Actions Report,15,1,https://analytics.fmgl.com.au/t/sandbox/views/InvestigationandActiontracker/ActionTracker/84ab9c35-18de-4df9-aa9a-ff298f8b026c/SMFTFPActionTracker?:showAppBanner=false&:display_count=n&:showVizHome=n&:origin=viz_share_link&:device=desktop,32,,,,,,
126,2022-08-15 17:55:00.000 +0800,2022-08-15 17:55:00.000 +0800,SM FT Investigations Report,SM FT Investigations Report,16,1,https://analytics.fmgl.com.au/t/sandbox/views/InvestigationandActiontracker/InvestigationTracker/9a3377d9-93c9-49d1-89e1-829e1fce3cb0/SMFTFPInvestigationTracker?:showAppBanner=false&:display_count=n&:showVizHome=n&:origin=viz_share_link&:device=desktop,32,,,,,,
219,2022-08-15 17:55:00.000 +0800,2022-08-15 17:55:00.000 +0800,SM Graders FLOC DT Pareto,SM Graders FLOC DT Pareto,1,2,,45,,,,Solomon,Grader,30 Days
212,2022-08-15 17:55:00.000 +0800,2022-08-15 17:55:00.000 +0800,SM Haul Truck FLOC DT Pareto,SM Haul Truck FLOC DT Pareto,1,2,,43,,,,Solomon,Haul Truck,30 Days
222,2022-08-15 17:55:00.000 +0800,2022-08-15 17:55:00.000 +0800,SM HME Ancilliary Actions Report,SM HME Ancilliary Actions Report,4,1,https://analytics.fmgl.com.au/t/sandbox/views/InvestigationandActiontracker/ActionTracker/8334b035-102a-454b-822c-a06c1fe11bd3/SMHMEAncilActionTracker?:showAppBanner=false&:display_count=n&:showVizHome=n&:origin=viz_share_link&:device=desktop,45,,,,,,
223,2022-08-15 17:55:00.000 +0800,2022-08-15 17:55:00.000 +0800,SM HME Ancilliary Investigations Report,SM HME Ancilliary Investigations Report,5,1,https://analytics.fmgl.com.au/t/sandbox/views/InvestigationandActiontracker/InvestigationTracker/e0159ed8-4dda-4401-84fe-b3d5092bdc22/SMHMEAncilInvestigationTracker?:showAppBanner=false&:display_count=n&:showVizHome=n&:origin=viz_share_link&:device=desktop,45,,,,,,
217,2022-08-15 17:55:00.000 +0800,2022-08-15 17:55:00.000 +0800,SM HME Diggers and Drills Actions Report,SM HME Diggers and Drills Actions Report,3,1,https://analytics.fmgl.com.au/t/sandbox/views/InvestigationandActiontracker/ActionTracker/3325ebe9-8efb-4cee-a605-1a79d1faa7e4/SMHMEDDActionTracker?:showAppBanner=false&:display_count=n&:showVizHome=n&:origin=viz_share_link&:device=desktop,44,,,,,,
218,2022-08-15 17:55:00.000 +0800,2022-08-15 17:55:00.000 +0800,SM HME Diggers and Drills Investigations Report,SM HME Diggers and Drills Investigations Report,4,1,https://analytics.fmgl.com.au/t/sandbox/views/InvestigationandActiontracker/InvestigationTracker/9e20cecb-a387-4eda-a4bc-f00712e69ad3/SMHMEDDInvestigationTracker?:showAppBanner=false&:display_count=n&:showVizHome=n&:origin=viz_share_link&:device=desktop,44,,,,,,
213,2022-08-15 17:55:00.000 +0800,2022-08-15 17:55:00.000 +0800,SM HME Trucks Actions Report,SM HME Trucks Actions Report,2,1,https://analytics.fmgl.com.au/t/sandbox/views/InvestigationandActiontracker/ActionTracker/ddddfc49-70c7-49da-ba5e-bcc2eaddae9f/SMHMETrucksActionTracker?:showAppBanner=false&:display_count=n&:showVizHome=n&:origin=viz_share_link&:device=desktop,43,,,,,,
214,2022-08-15 17:55:00.000 +0800,2022-08-15 17:55:00.000 +0800,SM HME Trucks Investigations Report,SM HME Trucks Investigations Report,3,1,https://analytics.fmgl.com.au/t/sandbox/views/InvestigationandActiontracker/InvestigationTracker/90a37d85-2134-40d1-8846-26671171007f/SMHMETrucksInvestigationTracker?:showAppBanner=false&:display_count=n&:showVizHome=n&:origin=viz_share_link&:device=desktop,43,,,,,,
136,2022-08-15 17:55:00.000 +0800,2022-08-15 17:55:00.000 +0800,SM KV Actions Report,SM KV Actions Report,11,1,https://analytics.fmgl.com.au/t/sandbox/views/InvestigationandActiontracker/ActionTracker/33dda1a2-60cf-4717-9d66-a0158eece098/SMKVFPActionTracker?:showAppBanner=false&:display_count=n&:showVizHome=n&:origin=viz_share_link&:device=desktop,33,,,,,,
137,2022-08-15 17:55:00.000 +0800,2022-08-15 17:55:00.000 +0800,SM KV Investigations Report,SM KV Investigations Report,12,1,https://analytics.fmgl.com.au/t/sandbox/views/InvestigationandActiontracker/InvestigationTracker/b3348c7a-cdaa-48c8-bdad-dde3c1cef158/SMKVFPInvestigationTracker?:showAppBanner=false&:display_count=n&:showVizHome=n&:origin=viz_share_link&:device=desktop,33,,,,,,
220,2022-08-15 17:55:00.000 +0800,2022-08-15 17:55:00.000 +0800,SM Loaders FLOC DT Pareto,SM Loaders FLOC DT Pareto,2,2,,45,,,,Solomon,Wheel Loader,30 Days
244,2022-08-15 17:55:00.000 +0800,2022-08-15 17:55:00.000 +0800,SM PS 30 Day DT,SM PS 30 Day DT,3,3,,16,30 days,Energy Operations,SMPS Solomon Power Station,,,
242,2022-08-15 17:55:00.000 +0800,2022-08-15 17:55:00.000 +0800,SM PS Summary,SM PS Summary,1,1,https://analytics.fmgl.com.au/t/sandbox/views/EOPsGenerationSummary/KVOPFSummary?:showAppBanner=false&:display_count=n&:showVizHome=n&:origin=viz_share_link&:device=desktop,16,,,,,,
243,2022-08-15 17:55:00.000 +0800,2022-08-15 17:55:00.000 +0800,SM PS TUM,SM PS TUM,2,1,https://analytics.fmgl.com.au/t/sandbox/views/EOPSSOLPSTUM/WeeklyTUM?:showAppBanner=false&:display_count=n&:showVizHome=n&:origin=viz_share_link&:device=desktop,16,,,,,,
119,2022-08-15 17:55:00.000 +0800,2022-08-15 17:55:00.000 +0800,SM TLO 30 Day DT,SM TLO 30 Day DT,9,3,,32,30 Days,Solomon,SM Stockyard,,,
124,2022-08-15 17:55:00.000 +0800,2022-08-15 17:55:00.000 +0800,SM TLO Idlers,SM TLO Idlers,14,1,https://analytics.fmgl.com.au/t/sandbox/views/FTWeeklyReliabilityDashboard-updated_16554431374370/StockyardIdlers2/f384234a-def2-4329-b46b-0e0250a64286/d670ba3f-d5e0-42b2-86c6-d1ea3c210800?:display_count=n&:showVizHome=n&:origin=viz_share_link&:device=desktop,32,,,,,,
117,2022-08-15 17:55:00.000 +0800,2022-08-15 17:55:00.000 +0800,SM TLO Summary ,SM TLO Summary ,7,1,https://analytics.fmgl.com.au/t/sandbox/views/SMTLOSummary/SMTLOSummary?:showAppBanner=false&:display_count=n&:showVizHome=n&:origin=viz_share_link&:device=desktop,32,,,,,,
122,2022-08-15 17:55:00.000 +0800,2022-08-15 17:55:00.000 +0800,SM TLO Watchlist,SM TLO Watchlist,12,1,https://analytics.fmgl.com.au/t/sandbox/views/FTWeeklyReliabilityDashboard-updated_16554431374370/TLOWatchlist?:showAppBanner=false&:display_count=n&:showVizHome=n&:origin=viz_share_link&:device=desktop,32,,,,,,
118,2022-08-15 17:55:00.000 +0800,2022-08-15 17:55:00.000 +0800,SM TLO Weekly TUM,SM TLO Weekly TUM,8,1,https://analytics.fmgl.com.au/t/sandbox/views/SMTLOWeeklyTUM/SMTLOWeeklyTUM?:showAppBanner=false&:display_count=n&:showVizHome=n&:origin=viz_share_link&:device=desktop,32,,,,,,
248,2022-08-15 17:55:00.000 +0800,2022-08-15 17:55:00.000 +0800,IB CH Summary,IB CH Summary,1,1,https://analytics.fmgl.com.au/t/sandbox/views/IBCHSummary/IBCHSummary?:showAppBanner=false&:display_count=n&:showVizHome=n&:origin=viz_share_link&:device=desktop,31,,,,,,
249,2022-08-15 17:55:00.000 +0800,2022-08-15 17:55:00.000 +0800,IB CH Summary,IB CH Summary,2,1,https://analytics.fmgl.com.au/t/sandbox/views/IBCHWeeklyTUM/IBCHWeeklyTUM?:showAppBanner=false&:display_count=n&:showVizHome=n&:origin=viz_share_link&:device=desktop,31,,,,,,
250,2022-08-15 17:55:00.000 +0800,2022-08-15 17:55:00.000 +0800,IB CH 30 Day DT,IB CH 30 Day DT,3,3,,31,30 Days,Iron Bridge,Dry Plant Magnetite,,,
251,2022-08-15 17:55:00.000 +0800,2022-08-15 17:55:00.000 +0800,IB FP Actions Report,IB FP Actions Report,4,1,https://analytics.fmgl.com.au/t/sandbox/views/InvestigationandActiontracker/ActionTracker/42ad9a9f-7745-46d0-9ddd-6e6b915275b0/IBFPActionsReport?:showAppBanner=false&:display_count=n&:showVizHome=n&:origin=viz_share_link&:device=desktop,31,,,,,,
252,2022-08-15 17:55:00.000 +0800,2022-08-15 17:55:00.000 +0800,IB FP Investigations Report,IB FP Investigations Report,5,1,https://analytics.fmgl.com.au/t/sandbox/views/InvestigationandActiontracker/InvestigationTracker/9dac3cc7-22be-44f1-b29c-8286f115046b/IBFPInvestigationsReport?:showAppBanner=false&:display_count=n&:showVizHome=n&:origin=viz_share_link&:device=desktop,31,,,,,,